contact_id,name,mob_num
1,Mel Durrad,8216645448
2,Abrahan Baldazzi,4082900180
3,Hadria Wimpress,9798227240
4,Sabine Domek,2537126170
5,Faustine Wyrall,7328870670
6,Powell Harriss,3408734666
7,Fannie Morse,3201031354
8,Heindrick Oganian,5195808621
9,Joey Hiseman,3336064786
10,Cherida Dominguez,3491674137
11,Winfred Lemmens,1347898214
12,Dorelia ducarme,6093689870
13,Allegra Beaves,7536453741
14,Lilah Allingham,6048293224
15,Reena Eagle,6465412029
16,Jenilee Curston,9051766755
17,Hewe Heibel,8119154434
18,Raynell O' Clovan,6917272168
19,Gun Kobierzycki,1809196336
20,Fiorenze Pionter,2514811637
21,Betti Steenson,4771290936
22,Marcela Seller,5884955486
23,Cleon O'Hoey,2488024445
24,Siusan Elegood,7067948067
25,Cheryl Schole,9217000138
26,Dierdre Feld,1953583122
27,Basil Kneal,2022386413
28,Katrina Wheble,7629280819
29,Cleve Candlin,4581571992
30,Gabe Prangnell,9309438180
31,Edith Mowson,5972413295
32,Broddy Crossland,4074424612
33,Eilis Colquitt,9478076171
34,Abby Tolwood,9484837558
35,Denyse Wetherald,4096285979
36,Marie-jeanne Swancock,6852676078
37,Shanon Selwin,1692619796
38,Gino Duly,1448522242
39,Davide Ashlee,6025486903
40,Claus Killford,4423339360
41,Rhys Brittle,6433052752
42,Crichton Gallifont,5203011935
43,Aurilia Conradsen,1359073709
44,Parker Kennerley,3448238168
45,Nevsa Samsin,2631395060
46,Danette Beswick,6679824414
47,Rhiamon Woodward,3032769954
48,Brina Crosfeld,8123467317
49,Alford Frapwell,5916598722
50,Vincents Joppich,1537772612
51,Nydia Bedle,6749962926
52,Alta Oakinfold,8532299846
53,Frazier Grishakov,4576928972
54,Evelyn Snow,5044951655
55,Frasquito Pasfield,1821230717
56,Tabby Stammer,3784491789
57,Ryan Fausset,6035934904
58,Rawley Tulleth,7788227574
59,Efrem Guiraud,9297335570
60,Aldric Roly,8873400058
61,Iosep Treverton,5587827750
62,Charity Kalaher,4533814057
63,Verna Sebborn,8256517433
64,Betsey Bernhardsson,5128133005
65,Gratia Slocum,7553601126
66,Paulita Tunna,5235619404
67,Emeline Paling,5276125445
68,Clerkclaude Spoerl,9044504853
69,Mitzi Tester,2147325121
70,Evangeline Baggiani,5667163226
71,Imojean Colkett,6375586526
72,Hebert Peppett,6152984607
73,Loria Dargie,5438702459
74,Prentice Dudbridge,9954063130
75,Massimo Whitney,9339233570
76,Emmalynne Daniely,8147006903
77,Caria Gruszczak,6796899192
78,Emmie Noddle,8593247103
79,Beverie Blewis,7382601755
80,Clemence Hanigan,3002176403
